﻿<?xml version="1.0" encoding="utf-8" ?>
<VoiceCommands xmlns="http://schemas.microsoft.com/voicecommands/1.2">
  <CommandSet xml:lang="en-us" Name="HoLCommandSet_en-us">
    <AppName> Hands on Labs </AppName>
    <Example> Launch </Example>

    <Command Name="LaunchApp">
      <Example>launch</Example>
      <ListenFor>launch</ListenFor>
      <Feedback>Opening your speech recognition app</Feedback>
      <Navigate />
    </Command>

    <Command Name="SayHello">
      <Example>say hello</Example>
      <ListenFor RequireAppName="BeforeOrAfterPhrase">How's it going</ListenFor>
      <ListenFor RequireAppName="BeforeOrAfterPhrase">Say hello</ListenFor>
      <Feedback>Hold on, let me ask</Feedback>
      <VoiceCommandService Target="HolVoiceCommandService" />
    </Command>

    <Command Name="TurnRed">
      <Example>turn red</Example>
      <ListenFor>turn red</ListenFor>
      <Feedback>My favorite color is red</Feedback>
      <Navigate />
    </Command>

  </CommandSet>
    
  <!--Optional second command set for supported languages. Replace the de-de language tag with your own. -->
  <!--<CommandSet xml:lang="de-de" Name="HoLCommandSet_de-de">
  </CommandSet>-->

</VoiceCommands>